Date,Open,High,Low,Close,Adj Close,Volume
2014-01-21,34,34.040001,33.740002,33.990002,33.990002,3925900
2014-01-22,34.200001,34.59,34.169998,34.560001,34.560001,4995700
2014-01-23,34.669998,34.919998,34.57,34.720001,34.720001,5677200
2014-01-24,34.779999,34.790001,34.360001,34.580002,34.580002,4915700
2014-01-27,34.540001,34.619999,34,34.23,34.23,5524600
2014-01-28,34.59,34.849998,34.59,34.689999,34.689999,4313100
2014-01-29,34.450001,34.880001,34.400002,34.73,34.73,4952900
2014-01-30,35.110001,35.18,34.939999,34.950001,34.950001,3274800
2014-01-31,34.799999,35.119999,34.75,34.799999,34.799999,4948300
2014-02-03,34.799999,34.900002,34.360001,34.52,34.52,12222700
2014-02-04,34.720001,34.880001,34.619999,34.740002,34.740002,2633800
2014-02-05,34.830002,34.959999,34.560001,34.709999,34.709999,3671700
2014-02-06,35.16,35.200001,34.779999,34.900002,34.900002,2205900
2014-02-07,35.060001,35.75,35,35.639999,35.639999,6344500
2014-02-10,35.689999,35.860001,35.560001,35.630001,35.630001,2941200
2014-02-11,35.610001,35.779999,35.540001,35.639999,35.639999,2084800
2014-02-12,36.07,36.16,35.75,35.799999,35.799999,4408000
2014-02-13,35.740002,35.98,35.720001,35.869999,35.869999,2185000
2014-02-14,35.709999,35.970001,35.619999,35.91,35.91,1751700
2014-02-18,36.299999,36.77,36.220001,36.66,36.66,4759600
2014-02-19,36.700001,37.049999,36.639999,36.900002,36.900002,4682800
2014-02-20,36.900002,36.959999,36.740002,36.880001,36.880001,2738100
2014-02-21,36.75,36.849998,36.48,36.689999,36.689999,4283000
2014-02-24,36.689999,37.110001,36.639999,36.790001,36.790001,3499200
2014-02-25,36.470001,36.630001,36.240002,36.59,36.59,3379200
2014-02-26,36.740002,36.91,36.639999,36.75,36.75,2029100
2014-02-27,36.639999,36.790001,36.5,36.689999,36.689999,2687600
2014-02-28,36.610001,36.93,36.560001,36.740002,36.740002,2525100
2014-03-03,37.389999,37.740002,37.34,37.52,37.52,7476300
2014-03-04,37.18,37.200001,36.900002,37.060001,37.060001,3726700
2014-03-05,36.950001,37.02,36.200001,36.240002,36.240002,5500600
2014-03-06,36.130001,36.610001,35.919998,36.57,36.57,3648500
2014-03-07,36.66,36.91,36.630001,36.779999,36.779999,2217700
2014-03-10,36.279999,36.419998,36.18,36.299999,36.299999,3210900
2014-03-11,36.18,36.259998,35.77,35.810001,35.810001,3580900
2014-03-12,35.27,35.549999,35.040001,35.349998,35.349998,6572600
2014-03-13,35.240002,35.349998,35.130001,35.34,35.34,2211300
2014-03-14,35.470001,35.669998,35.34,35.529999,35.529999,3605100
2014-03-17,35.360001,35.41,34.970001,35.150002,35.150002,2552500
2014-03-18,35.220001,35.68,35.220001,35.580002,35.580002,2586000
2014-03-19,35.610001,35.779999,35.450001,35.709999,35.709999,2333400
2014-03-20,35.580002,35.84,35.360001,35.580002,35.580002,2295800
2014-03-21,35.759998,36.139999,35.73,35.84,35.84,2708000
2014-03-24,36.139999,36.139999,35.77,35.82,35.82,1648400
2014-03-25,35.970001,36.139999,35.619999,35.77,35.77,2183900
2014-03-26,36,36.209999,35.860001,36.09,36.09,1941100
2014-03-27,36.5,36.650002,36.459999,36.5,36.5,2081900
2014-03-28,36.790001,36.84,36.549999,36.619999,36.619999,2000500
2014-03-31,36.59,36.740002,36.360001,36.59,36.59,2124000
2014-04-01,36.450001,36.5,35.799999,35.830002,35.830002,4688600
2014-04-02,35.810001,35.950001,35.630001,35.799999,35.799999,3366200
2014-04-03,35.84,36.209999,35.790001,36.139999,36.139999,1867800
2014-04-04,36.48,36.619999,36.389999,36.43,36.43,2427600
2014-04-07,36.200001,36.509998,36.009998,36.279999,36.279999,2030200
2014-04-08,36.459999,37.009998,36.32,36.900002,36.900002,4498000
2014-04-09,36.98,37.380001,36.900002,37.220001,37.220001,4467200
2014-04-10,37.23,37.330002,37.130001,37.200001,37.200001,2969100
2014-04-11,37.200001,37.540001,37.18,37.18,37.18,2638300
2014-04-14,37.34,37.57,37.310001,37.380001,37.380001,1348400
2014-04-15,37.380001,37.540001,37.349998,37.389999,37.389999,2715200
2014-04-16,37.779999,37.810001,37.25,37.48,37.48,4669400
2014-04-17,37.509998,37.790001,37.450001,37.66,37.66,3083900
2014-04-21,37.59,37.759998,37.549999,37.639999,37.639999,1353600
2014-04-22,37.209999,37.23,36.919998,37,37,3118600
2014-04-23,37.040001,37.119999,36.84,36.91,36.91,2389600
2014-04-24,37.130001,37.220001,36.990002,37.049999,37.049999,1377300
2014-04-25,36.580002,36.720001,36.529999,36.599998,36.599998,1991400
2014-04-28,36.740002,36.75,36.48,36.709999,36.709999,1391500
2014-04-29,37.07,37.150002,36.68,36.720001,36.720001,1398800
2014-04-30,36.220001,36.32,36.119999,36.32,36.32,3611700
2014-05-01,36.029999,36.310001,35.970001,36.16,36.16,2539800
2014-05-02,36.169998,36.400002,36.099998,36.290001,36.290001,1846200
2014-05-05,36.259998,36.259998,35.959999,36.139999,36.139999,2344000
2014-05-06,36.310001,36.5,36.16,36.189999,36.189999,1642300
2014-05-07,36.509998,36.700001,36.279999,36.599998,36.599998,1938300
2014-05-08,36.419998,36.52,36.330002,36.490002,36.490002,1303500
2014-05-09,36.669998,36.77,36.279999,36.400002,36.400002,1552300
2014-05-12,36.639999,36.720001,36.52,36.59,36.59,1498300
2014-05-13,36.830002,37.080002,36.709999,37.040001,37.040001,2221900
2014-05-14,37.220001,37.34,37.150002,37.18,37.18,2575000
2014-05-15,37.119999,37.16,36.93,37.040001,37.040001,1339000
2014-05-16,37.110001,37.27,37.09,37.23,37.23,1574900
2014-05-19,37.419998,37.52,37.330002,37.380001,37.380001,1644800
2014-05-20,37.330002,37.540001,37.240002,37.52,37.52,1348600
2014-05-21,37.77,38.18,37.75,37.98,37.98,4562600
2014-05-22,38.110001,38.16,37.919998,38.009998,38.009998,3436500
2014-05-23,38.099998,38.27,38.049999,38.18,38.18,2545800
2014-05-27,38,38.169998,37.93,38.139999,38.139999,1155500
2014-05-28,37.990002,38.009998,37.59,37.68,37.68,1885000
2014-05-29,37.720001,38.060001,37.669998,37.91,37.91,1189600
2014-05-30,37.650002,37.73,37.490002,37.68,37.68,1311000
2014-06-02,37.52,37.57,37.380001,37.529999,37.529999,3111500
2014-06-03,37.490002,37.650002,37.450001,37.639999,37.639999,1160100
2014-06-04,37.849998,37.970001,37.5,37.509998,37.509998,1711300
2014-06-05,37.27,37.599998,37.209999,37.549999,37.549999,1268400
2014-06-06,37.66,37.68,37.459999,37.610001,37.610001,1035100
2014-06-09,37.970001,38.23,37.939999,38.18,38.18,3071300
2014-06-10,38.330002,38.439999,38.049999,38.279999,38.279999,1764300
2014-06-11,38.220001,38.360001,38.150002,38.25,38.25,1171000
2014-06-12,38.799999,39.110001,38.709999,39.080002,39.080002,5809900
2014-06-13,39.080002,39.279999,39.02,39.119999,39.119999,2955100
2014-06-16,39.189999,39.259998,39.119999,39.169998,39.169998,1819600
2014-06-17,39.130001,39.34,38.98,38.990002,38.990002,2166500
2014-06-18,39.16,39.200001,38.860001,39.009998,39.009998,2240300
2014-06-19,38.900002,39.240002,38.779999,39.130001,39.130001,2359800
2014-06-20,39.27,39.439999,39.200001,39.32,39.32,2688000
2014-06-23,39.290001,39.310001,39.07,39.16,39.16,2178300
2014-06-24,39.09,39.25,38.990002,39.09,39.09,1909600
2014-06-25,39.119999,39.32,38.889999,39.290001,39.290001,2059500
2014-06-26,39.139999,39.139999,38.740002,38.970001,38.970001,2015600
2014-06-27,39.099998,39.139999,38.849998,38.98,38.98,1627400
2014-06-30,38.939999,38.970001,38.59,38.880001,38.880001,1829500
2014-07-01,39.02,39.119999,38.57,38.860001,38.860001,2373700
2014-07-02,38.639999,38.91,38.389999,38.400002,38.400002,2655400
2014-07-03,38.389999,38.400002,38.240002,38.25,38.25,1447500
2014-07-07,38.27,38.290001,38.049999,38.169998,38.169998,1428400
2014-07-08,38.259998,38.419998,37.98,38.18,38.18,2418100
2014-07-09,37.889999,37.91,37.619999,37.689999,37.689999,5838100
2014-07-10,37.630001,37.990002,37.59,37.900002,37.900002,3672300
2014-07-11,37.57,37.650002,37.040001,37.16,37.16,4947100
2014-07-14,37.060001,37.349998,36.959999,37.32,37.32,6182100
2014-07-15,36.84,36.939999,36.580002,36.880001,36.880001,4427000
2014-07-16,37.080002,37.389999,37.07,37.310001,37.310001,4183900
2014-07-17,37.84,37.91,37.48,37.830002,37.830002,6476600
2014-07-18,37.790001,37.900002,37.669998,37.720001,37.720001,3368400
2014-07-21,37.84,38.16,37.77,38.099998,38.099998,3468600
2014-07-22,38.07,38.07,37.860001,37.950001,37.950001,1485900
2014-07-23,38.049999,38.299999,37.990002,38.16,38.16,2257500
2014-07-24,38.18,38.209999,37.759998,37.82,37.82,2746500
2014-07-25,37.509998,38,37.419998,37.77,37.77,2727700
2014-07-28,37.52,37.810001,37.389999,37.639999,37.639999,2189500
2014-07-29,37.279999,37.52,37.200001,37.389999,37.389999,2709200
2014-07-30,37.59,37.68,36.849998,36.919998,36.919998,5005500
2014-07-31,36.889999,36.950001,36.27,36.32,36.32,4778500
2014-08-01,36.119999,36.299999,35.98,36.189999,36.189999,4284100
2014-08-04,36.200001,36.560001,36.189999,36.48,36.48,2421600
2014-08-05,36.330002,36.349998,35.950001,36.16,36.16,3289700
2014-08-06,36.240002,36.349998,35.830002,35.950001,35.950001,5175700
2014-08-07,35.970001,36.209999,35.82,36.16,36.16,2356700
2014-08-08,36.220001,36.259998,35.98,36.119999,36.119999,2253900
2014-08-11,36.23,36.459999,36.189999,36.220001,36.220001,1886200
2014-08-12,35.959999,36.130001,35.810001,35.990002,35.990002,2885500
2014-08-13,36.040001,36.169998,35.779999,36.02,36.02,2443700
2014-08-14,35.84,35.860001,35.040001,35.110001,35.110001,7901200
2014-08-15,35.169998,35.610001,35.130001,35.439999,35.439999,5321600
2014-08-18,35.110001,35.139999,34.880001,35.060001,35.060001,2778100
2014-08-19,35.02,35.060001,34.580002,34.709999,34.709999,4028500
2014-08-20,34.880001,34.93,34.689999,34.860001,34.860001,3178800
2014-08-21,34.900002,35.259998,34.869999,35.09,35.09,3888100
2014-08-22,34.830002,35.029999,34.700001,34.959999,34.959999,3906400
2014-08-25,34.799999,34.959999,34.740002,34.869999,34.869999,3334200
2014-08-26,35.099998,35.209999,34.849998,35.040001,35.040001,3030200
2014-08-27,35.029999,35.169998,34.849998,35.029999,35.029999,2540500
2014-08-28,35.259998,35.34,35.040001,35.32,35.32,2554200
2014-08-29,35.580002,35.830002,35.48,35.759998,35.759998,3182000
2014-09-02,35.279999,35.41,34.599998,34.790001,34.790001,6031100
2014-09-03,35.130001,35.759998,35.009998,35.549999,35.549999,4412000
2014-09-04,35.380001,35.549999,35.139999,35.299999,35.299999,3533500
2014-09-05,35.27,35.279999,34.66,34.900002,34.900002,4543700
2014-09-08,34.290001,34.700001,34.27,34.700001,34.700001,2855200
2014-09-09,34.759998,34.82,34.509998,34.619999,34.619999,2105100
2014-09-10,34.419998,34.43,34.02,34.259998,34.259998,5094100
2014-09-11,33.950001,34.810001,33.91,34.689999,34.689999,8150600
2014-09-12,34.59,34.799999,34.299999,34.380001,34.380001,4112900
2014-09-15,34.220001,34.66,34.189999,34.560001,34.560001,3201000
2014-09-16,34.810001,35.419998,34.77,35.25,35.25,5173800
2014-09-17,35.240002,35.369999,34.91,35.009998,35.009998,5156200
2014-09-18,35.18,35.189999,34.560001,34.619999,34.619999,4312500
2014-09-19,34.509998,34.720001,34.32,34.57,34.57,3403000
2014-09-22,34.41,34.459999,34.029999,34.189999,34.189999,3948400
2014-09-23,34.279999,34.66,34.18,34.439999,34.439999,2732700
2014-09-24,34.529999,35.110001,34.310001,35,35,6149100
2014-09-25,35.080002,35.130001,34.650002,34.830002,34.830002,4266400
2014-09-26,34.91,35.32,34.84,35.16,35.16,3034600
2014-09-29,35,35.619999,34.98,35.52,35.52,3333500
2014-09-30,35.43,35.48,34.200001,34.41,34.41,11592100
2014-10-01,34.599998,34.98,34.049999,34.150002,34.150002,6886000
2014-10-02,33.759998,34.419998,33.639999,34.369999,34.369999,8464700
2014-10-03,34.169998,34.259998,33.639999,33.77,33.77,6582300
2014-10-06,33.77,34.150002,33.41,34.040001,34.040001,4541400
2014-10-07,33.790001,33.810001,33.360001,33.439999,33.439999,4323800
2014-10-08,33.07,33.09,32.689999,33,33,7458500
2014-10-09,32.650002,32.73,32.009998,32.110001,32.110001,7915300
2014-10-10,32.130001,32.48,31.74,32.18,32.18,7599200
2014-10-13,32.040001,32.32,31.709999,31.99,31.99,5086800
2014-10-14,31.91,31.92,30.629999,30.85,30.85,15403700
2014-10-15,30.690001,31.01,30.34,30.67,30.67,14628300
2014-10-16,30.360001,31.91,30.200001,31.1,31.1,19073500
2014-10-17,31.33,31.629999,31.030001,31.25,31.25,7509000
2014-10-20,31.09,31.24,30.66,31.139999,31.139999,6050400
2014-10-21,31.42,31.6,30.969999,31.299999,31.299999,5778500
2014-10-22,31.469999,31.5,30.459999,30.549999,30.549999,8602000
2014-10-23,30.9,31.26,30.77,31.059999,31.059999,7258800
2014-10-24,30.799999,30.889999,30.5,30.879999,30.879999,5649300
2014-10-27,30.290001,30.77,30.16,30.639999,30.639999,5203300
2014-10-28,30.690001,30.92,30.57,30.82,30.82,4078000
2014-10-29,31.18,31.450001,31,31.23,31.23,7632900
2014-10-30,30.889999,31.01,30.629999,30.76,30.76,6003000
2014-10-31,30.24,30.65,30.190001,30.629999,30.629999,4680900
2014-11-03,30.51,30.719999,29.66,29.76,29.76,18894200
2014-11-04,29.309999,29.370001,28.889999,29.299999,29.299999,12654700
2014-11-05,29.35,30.110001,29.34,29.950001,29.950001,13851100
2014-11-06,29.469999,29.690001,29.26,29.6,29.6,6351700
2014-11-07,29.75,30.129999,29.73,29.76,29.76,6585100
2014-11-10,30.17,30.17,29.27,29.34,29.34,7499200
2014-11-11,29.34,29.59,29.02,29.42,29.42,4859600
2014-11-12,29.24,29.57,29.08,29.139999,29.139999,6031000
2014-11-13,28.93,28.98,28.1,28.290001,28.290001,17638100
2014-11-14,28.41,28.950001,28.290001,28.83,28.83,7998900
2014-11-17,28.459999,28.780001,28.43,28.68,28.68,5791300
2014-11-18,28.48,28.549999,28.190001,28.200001,28.200001,7272600
2014-11-19,28.360001,28.620001,28.1,28.25,28.25,6732900
2014-11-20,28.51,28.809999,28.379999,28.73,28.73,7225700
2014-11-21,29.059999,29.139999,28.709999,29.1,29.1,10808000
2014-11-24,28.9,29.23,28.65,28.74,28.74,8451700
2014-11-25,29.040001,29.07,28.01,28.030001,28.030001,24788500
2014-11-26,27.969999,28.18,27.85,27.9,27.9,14993400
2014-11-28,26.34,26.42,25.459999,25.58,25.58,20256800
2014-12-01,25.309999,26.389999,25.26,26.32,26.32,25990000
2014-12-02,25.85,26.08,25.32,25.58,25.58,20382100
2014-12-03,25.639999,25.889999,25.35,25.58,25.58,12303500
2014-12-04,25.24,25.5,25.1,25.34,25.34,6917900
2014-12-05,25.15,25.24,24.73,24.959999,24.959999,11508000
2014-12-08,24.48,24.5,23.83,23.91,23.91,15299600
2014-12-09,23.870001,24.32,23.74,24.200001,24.200001,12067000
2014-12-10,23.67,23.68,22.950001,23.280001,23.280001,26212500
2014-12-11,22.969999,23.370001,22.629999,22.68,22.68,21566900
2014-12-12,22.33,22.370001,21.809999,21.93,21.93,26468600
2014-12-15,21.959999,22.049999,20.969999,21.059999,21.059999,25743700
2014-12-16,20.65,21.73,20.530001,21.299999,21.299999,47696000
2014-12-17,20.959999,22.43,20.85,21.34,21.34,47424400
2014-12-18,21.68,21.75,20.540001,20.74,20.74,33130400
2014-12-19,21.23,22.1,20.93,21.959999,21.959999,27840900
2014-12-22,21.389999,21.389999,20.860001,20.92,20.92,20581700
2014-12-23,20.940001,21.77,20.940001,21.559999,21.559999,16178600
2014-12-24,21.190001,21.200001,20.84,21.049999,21.049999,9762600
2014-12-26,21.219999,21.219999,20.629999,20.780001,20.780001,12554500
2014-12-29,20.950001,20.950001,20.02,20.299999,20.299999,21605900
2014-12-30,20.309999,20.549999,20.17,20.290001,20.290001,17107800
2014-12-31,20.01,20.42,19.84,20.360001,20.360001,24301300
2015-01-02,19.969999,20.35,19.690001,19.889999,19.889999,21106500
2015-01-05,19.33,19.360001,18.790001,18.790001,18.790001,31499500
2015-01-06,18.559999,18.700001,18,18.049999,18.049999,42235000
2015-01-07,18.299999,18.65,18.049999,18.370001,18.370001,31332600
2015-01-08,18.280001,18.59,18.059999,18.549999,18.549999,26705500
2015-01-09,18.4,18.5,17.860001,18.280001,18.280001,26371600
2015-01-12,17.76,17.76,17.389999,17.41,17.41,30762400
2015-01-13,17.25,17.73,17.1,17.620001,17.620001,33007700
2015-01-14,17.450001,18.48,17.27,18.27,18.27,42369300
2015-01-15,18.540001,18.610001,17.42,17.450001,17.450001,50092700
2015-01-16,17.74,18.459999,17.719999,18.33,18.33,37738600
2015-01-20,17.67,17.85,17.35,17.48,17.48,28446700
2015-01-21,17.719999,18.030001,17.6,17.77,17.77,23663900
2015-01-22,17.84,17.940001,17.16,17.41,17.41,37781100
2015-01-23,17.18,17.469999,16.959999,17,17,32067700
2015-01-26,17,17.35,16.860001,16.870001,16.870001,28385100
2015-01-27,16.92,17.41,16.9,17.209999,17.209999,23210600
2015-01-28,16.959999,17.09,16.5,16.559999,16.559999,40085000
2015-01-29,16.799999,16.809999,16.299999,16.68,16.68,28619100
2015-01-30,16.74,18.07,16.73,17.82,17.82,47961500
2015-02-02,18.4,18.700001,17.93,18.620001,18.620001,41519800
2015-02-03,18.950001,20.290001,18.860001,19.620001,19.620001,76164900
2015-02-04,19.08,19.1,17.950001,18.280001,18.280001,66548700
2015-02-05,18.49,19.48,18.48,19.030001,19.030001,50186200
2015-02-06,19.18,19.879999,19.110001,19.469999,19.469999,41504800
2015-02-09,19.780001,20.18,19.68,19.77,19.77,34839200
2015-02-10,19.59,19.6,18.67,18.940001,18.940001,33741800
2015-02-11,18.49,18.709999,18.01,18.51,18.51,36156300
2015-02-12,19.040001,19.309999,18.65,19.18,19.18,31924200
2015-02-13,19.73,19.969999,19.459999,19.620001,19.620001,30903900
2015-02-17,19.379999,20.190001,18.99,19.790001,19.790001,30491200
2015-02-18,19.549999,19.83,19.17,19.26,19.26,23944000
2015-02-19,18.450001,19.379999,18.389999,19.1,19.1,48220100
2015-02-20,19.07,19.17,18.639999,18.65,18.65,28544300
2015-02-23,18.17,18.59,18.02,18.110001,18.110001,49834600
2015-02-24,18.41,18.469999,18.02,18.040001,18.040001,18075100
2015-02-25,18.15,18.799999,17.82,18.65,18.65,38292100
2015-02-26,18.280001,18.43,17.58,18.030001,18.030001,40116700
2015-02-27,18.110001,18.35,17.82,18.1,18.1,28470300
2015-03-02,18.129999,18.76,18.02,18.32,18.32,23907700
2015-03-03,18.32,18.67,18.18,18.49,18.49,22874500
2015-03-04,18.709999,19.1,18.24,19.01,19.01,32583500
2015-03-05,18.84,19.1,18.610001,18.709999,18.709999,22765200
2015-03-06,18.41,18.549999,17.969999,18.24,18.24,27456000
2015-03-09,18.18,18.639999,18.139999,18.35,18.35,19729000
2015-03-10,18.09,18.24,17.74,17.91,17.91,25942000
2015-03-11,17.84,17.85,17.440001,17.77,17.77,29810100
2015-03-12,17.77,17.809999,17.34,17.440001,17.440001,23804900
2015-03-13,17.15,17.17,16.67,16.799999,16.799999,44606100
2015-03-16,16.469999,16.49,16,16.35,16.35,39701700
2015-03-17,16.049999,16.24,15.9,15.96,15.96,30606800
2015-03-18,15.68,16.780001,15.61,16.76,16.76,54247000
2015-03-19,15.94,16.34,15.91,16.08,16.08,32420800
2015-03-20,16.549999,16.799999,16.379999,16.43,16.43,29395700
2015-03-23,16.459999,16.879999,16.440001,16.780001,16.780001,20934000
2015-03-24,16.969999,17.01,16.709999,16.790001,16.790001,21248900
2015-03-25,17.049999,17.530001,16.790001,17.360001,17.360001,31953900
2015-03-26,17.93,18.299999,17.65,18.209999,18.209999,43513700
2015-03-27,17.91,17.91,17.120001,17.139999,17.139999,31436300
2015-03-30,17.299999,17.42,16.879999,17.23,17.23,26075600
2015-03-31,16.99,17.24,16.790001,16.84,16.84,23077000
2015-04-01,17,17.879999,16.93,17.58,17.58,34552200
2015-04-02,17.370001,17.68,17.059999,17.559999,17.559999,37392800
2015-04-06,17.85,18.51,17.690001,18.43,18.43,41292900
2015-04-07,18.23,19.18,18.18,19.059999,19.059999,43949400
2015-04-08,18.709999,18.75,17.879999,18.07,18.07,38892700
2015-04-09,18.139999,18.49,18,18.030001,18.030001,18790000
2015-04-10,18.16,18.469999,18.129999,18.41,18.41,16313100
2015-04-13,18.73,18.799999,18.34,18.5,18.5,18524600
2015-04-14,18.73,19.030001,18.639999,18.82,18.82,21512100
2015-04-15,19.030001,19.91,18.93,19.709999,19.709999,52135400
2015-04-16,19.68,20.219999,19.469999,19.940001,19.940001,33753500
2015-04-17,19.790001,20.07,19.549999,19.84,19.84,21790300
2015-04-20,19.610001,20.16,19.6,19.889999,19.889999,22228600
2015-04-21,19.82,19.959999,19.299999,19.450001,19.450001,23231900
2015-04-22,19.459999,19.66,19.26,19.360001,19.360001,17294700
2015-04-23,19.5,20.08,19.469999,19.76,19.76,25409400
2015-04-24,19.59,19.73,19.42,19.67,19.67,19317600
2015-04-27,19.780001,19.9,19.440001,19.52,19.52,15792900
2015-04-28,19.620001,19.879999,19.52,19.6,19.6,20846800
2015-04-29,19.639999,20.4,19.629999,20.120001,20.120001,31333300
2015-04-30,20.15,20.549999,20.09,20.51,20.51,19074900
2015-05-01,20.299999,20.42,20.059999,20.4,20.4,14546000
2015-05-04,20.26,20.309999,20.1,20.280001,20.280001,14035600
2015-05-05,20.82,21,20.73,20.76,20.76,27865700
2015-05-06,21.24,21.5,20.82,20.82,20.82,35374900
2015-05-07,20.790001,20.799999,20.110001,20.200001,20.200001,24544300
2015-05-08,20.309999,20.48,19.969999,20.42,20.42,17487100
2015-05-11,20.48,20.540001,20.18,20.379999,20.379999,12749400
2015-05-12,20.49,21,20.450001,20.74,20.74,19553400
2015-05-13,21.07,21.200001,20.610001,20.610001,20.610001,23773400
2015-05-14,20.799999,20.889999,20.4,20.530001,20.530001,17129800
2015-05-15,20.15,20.549999,20.049999,20.52,20.52,16858800
2015-05-18,20.440001,20.549999,20.23,20.440001,20.440001,15230500
2015-05-19,19.959999,20.02,19.58,19.629999,19.629999,28520400
2015-05-20,19.84,19.969999,19.66,19.84,19.84,22755900
2015-05-21,20.27,20.59,20.200001,20.5,20.5,26573600
2015-05-22,20.1,20.32,20.09,20.25,20.25,12854200
2015-05-26,19.809999,19.9,19.5,19.690001,19.690001,20395300
2015-05-27,19.459999,19.709999,19.389999,19.48,19.48,19496800
2015-05-28,19.219999,19.559999,19.09,19.559999,19.559999,26848100
2015-05-29,19.610001,20.5,19.6,20.309999,20.309999,31812500
2015-06-01,20.360001,20.48,20.040001,20.360001,20.360001,15483800
2015-06-02,20.530001,20.799999,20.41,20.68,20.68,16841500
2015-06-03,20.49,20.74,20.049999,20.17,20.17,16725400
2015-06-04,19.92,19.98,19.549999,19.66,19.66,20375100
2015-06-05,19.25,20,19.23,19.9,19.9,21114200
2015-06-08,19.75,19.889999,19.549999,19.709999,19.709999,11200200
2015-06-09,20.200001,20.389999,20.139999,20.209999,20.209999,15696100
2015-06-10,20.790001,20.799999,20.43,20.639999,20.639999,22667900
2015-06-11,20.620001,20.620001,20.33,20.49,20.49,9285100
2015-06-12,20.26,20.41,20.190001,20.27,20.27,9692800
2015-06-15,19.950001,20.200001,19.940001,20.15,20.15,10051700
2015-06-16,20.17,20.34,20.129999,20.26,20.26,6442000
2015-06-17,20.620001,20.66,19.9,20.209999,20.209999,19734800
2015-06-18,20.34,20.450001,20.17,20.360001,20.360001,14864100
2015-06-19,20.040001,20.15,19.860001,20.02,20.02,14193700
2015-06-22,19.92,20.25,19.879999,20.16,20.16,11266900
2015-06-23,20.02,20.57,19.959999,20.469999,20.469999,18136200
2015-06-24,20.370001,20.620001,20.040001,20.200001,20.200001,21365500
2015-06-25,20.049999,20.120001,19.92,19.98,19.98,12068000
2015-06-26,19.790001,20.09,19.73,19.98,19.98,10914900
2015-06-29,19.59,19.73,19.49,19.51,19.51,18898400
2015-06-30,19.74,20,19.65,19.879999,19.879999,14732600
2015-07-01,19.540001,19.58,19,19.1,19.1,25025900
2015-07-02,19.16,19.42,18.93,18.93,18.93,18402500
2015-07-06,18.32,18.33,17.58,17.73,17.73,41715000
2015-07-07,17.59,17.91,16.950001,17.76,17.76,43672000
2015-07-08,17.620001,17.700001,17.07,17.379999,17.379999,23668700
2015-07-09,17.799999,17.91,17.530001,17.709999,17.709999,17266300
2015-07-10,17.65,17.799999,17.42,17.67,17.67,17063800
2015-07-13,17.4,17.83,17.35,17.51,17.51,16825300
2015-07-14,17.35,17.860001,17.32,17.719999,17.719999,19802400
2015-07-15,17.5,17.700001,17.15,17.23,17.23,28590500
2015-07-16,17.389999,17.4,17,17.049999,17.049999,19428100
2015-07-17,17.040001,17.049999,16.780001,16.99,16.99,23811900
2015-07-20,16.93,16.969999,16.690001,16.690001,16.690001,16445500
2015-07-21,16.84,17.08,16.780001,16.91,16.91,12817100
2015-07-22,16.66,16.809999,16.299999,16.34,16.34,27095700
2015-07-23,16.440001,16.49,16.02,16.139999,16.139999,22692200
2015-07-24,16.18,16.18,15.86,16.030001,16.030001,23246200
2015-07-27,15.81,15.9,15.64,15.65,15.65,38041400
2015-07-28,15.76,16.09,15.64,15.85,15.85,21996900
2015-07-29,15.82,16.450001,15.8,16.24,16.24,34719700
2015-07-30,16.209999,16.370001,16.059999,16.1,16.1,13871500
2015-07-31,16.120001,16.139999,15.54,15.59,15.59,24602000
2015-08-03,15.29,15.47,14.98,15.1,15.1,34792300
2015-08-04,15.21,15.36,15.1,15.22,15.22,14542300
2015-08-05,15.31,15.52,14.9,15.03,15.03,26607600
2015-08-06,14.85,14.9,14.68,14.87,14.87,23933000
2015-08-07,14.72,14.78,14.52,14.56,14.56,19804200
2015-08-10,14.52,14.99,14.48,14.89,14.89,20482700
2015-08-11,14.48,14.54,14.27,14.48,14.48,25048200
2015-08-12,14.52,14.58,14.28,14.44,14.44,18405400
2015-08-13,14.28,14.28,13.98,14.09,14.09,26464400
2015-08-14,14.17,14.27,13.98,13.99,13.99,16567400
2015-08-17,14.05,14.16,13.86,13.89,13.89,16646700
2015-08-18,13.93,14.21,13.84,14.05,14.05,15460100
2015-08-19,13.98,14.03,13.41,13.43,13.43,35899200
2015-08-20,13.55,13.7,13.35,13.37,13.37,31520200
2015-08-21,13.46,13.57,13.06,13.23,13.23,31418800
2015-08-24,12.62,12.66,12.37,12.5,12.5,49320900
2015-08-25,13.02,13.05,12.71,12.73,12.73,32305300
2015-08-26,12.85,13,12.62,12.77,12.77,32439600
2015-08-27,13.05,14,13.04,13.95,13.95,56170200
2015-08-28,13.83,15.03,13.83,14.88,14.88,68784100
2015-08-31,14.67,16.15,14.28,15.89,15.89,87527400
2015-09-01,15.48,15.59,14.69,14.81,14.81,57386600
2015-09-02,15.11,15.32,14.16,15.09,15.09,59080600
2015-09-03,15.23,15.85,15.05,15.34,15.34,45697100
2015-09-04,15.21,15.34,14.98,15.08,15.08,22123900
2015-09-08,14.91,15.2,14.58,15.02,15.02,29156700
2015-09-09,14.99,15.06,14.45,14.52,14.52,21631600
2015-09-10,14.61,15.05,14.47,14.93,14.93,19494300
2015-09-11,14.62,14.86,14.44,14.65,14.65,25713900
2015-09-14,14.42,14.52,14.25,14.39,14.39,17791100
2015-09-15,14.48,14.68,14.35,14.57,14.57,16682700
2015-09-16,14.91,15.43,14.81,15.36,15.36,44264700
2015-09-17,15.38,15.54,15.13,15.23,15.23,28414100
2015-09-18,14.87,14.98,14.42,14.62,14.62,27875900
2015-09-21,14.92,15.19,14.82,15.05,15.05,23099000
2015-09-22,14.77,15.03,14.67,14.92,14.92,28357100
2015-09-23,15.08,15.24,14.35,14.44,14.44,36964200
2015-09-24,14.29,14.6,14.24,14.59,14.59,26674400
2015-09-25,14.81,14.98,14.6,14.71,14.71,22267500
2015-09-28,14.45,14.65,14.32,14.38,14.38,20331400
2015-09-29,14.51,14.76,14.45,14.61,14.61,14700400
2015-09-30,14.55,14.82,14.46,14.68,14.68,24459700
2015-10-01,15.15,15.2,14.43,14.58,14.58,32351700
2015-10-02,14.29,14.8,14.21,14.77,14.77,27931700
2015-10-05,15.03,15.16,14.88,15,15,23181800
2015-10-06,15.11,15.75,15.08,15.74,15.74,44544600
2015-10-07,15.93,16.049999,15.42,15.57,15.57,40832800
2015-10-08,15.66,16.17,15.57,16.040001,16.040001,29660500
2015-10-09,16.040001,16.200001,15.88,15.99,15.99,29778600
2015-10-12,15.99,15.99,15.2,15.31,15.31,28961100
2015-10-13,15.18,15.62,14.99,15.06,15.06,29870500
2015-10-14,14.98,15.16,14.85,15.05,15.05,18763700
2015-10-15,14.81,15.14,14.63,15.13,15.13,36168600
2015-10-16,15.28,15.32,14.91,15.22,15.22,22381000
2015-10-19,14.91,15.02,14.77,14.83,14.83,21189800
2015-10-20,14.8,14.99,14.61,14.73,14.73,20257700
2015-10-21,14.5,14.67,14.34,14.43,14.43,26555000
2015-10-22,14.62,14.73,14.35,14.51,14.51,16625200
2015-10-23,14.23,14.39,14.13,14.27,14.27,26774800
2015-10-26,14.18,14.2,14,14.01,14.01,21154500
2015-10-27,13.71,13.85,13.61,13.82,13.82,26384900
2015-10-28,13.97,14.7,13.91,14.69,14.69,48935900
2015-10-29,14.71,14.94,14.58,14.63,14.63,21915100
2015-10-30,14.66,15.02,14.57,14.81,14.81,19322300
2015-11-02,14.69,14.92,14.65,14.75,14.75,16075600
2015-11-03,15.04,15.45,14.94,15.28,15.28,36340300
2015-11-04,15.2,15.28,14.75,14.85,14.85,25572400
2015-11-05,14.67,14.84,14.42,14.48,14.48,26139000
2015-11-06,14.29,14.37,14.1,14.23,14.23,22399700
2015-11-09,14.1,14.23,13.95,14.08,14.08,22257700
2015-11-10,14,14.29,13.99,14.09,14.09,15887800
2015-11-11,14.06,14.09,13.64,13.76,13.76,24154300
2015-11-12,13.45,13.7,13.32,13.35,13.35,33567000
2015-11-13,13.2,13.23,12.91,13.06,13.06,34583500
2015-11-16,13,13.43,12.81,13.39,13.39,37787400
2015-11-17,13.17,13.22,12.94,13.01,13.01,22978800
2015-11-18,13.14,13.2,12.83,13.05,13.05,24754800
2015-11-19,12.92,13.03,12.86,12.96,12.96,22457200
2015-11-20,12.94,13.28,12.86,12.93,12.93,37776200
2015-11-23,12.84,13.24,12.82,13.02,13.02,29045200
2015-11-24,13.35,13.5,13.2,13.32,13.32,25560200
2015-11-25,13.11,13.42,12.96,13.39,13.39,27117000
2015-11-27,13.09,13.11,13,13.03,13.03,10619600
2015-11-30,13.18,13.23,12.9,12.93,12.93,22160200
2015-12-01,12.92,13.11,12.83,12.95,12.95,19658700
2015-12-02,12.77,13.03,12.38,12.48,12.48,52543800
2015-12-03,12.59,12.97,12.45,12.77,12.77,35997400
2015-12-04,12.45,12.63,12.33,12.46,12.46,41884500
2015-12-07,12.02,12.08,11.65,11.72,11.72,53326400
2015-12-08,11.52,11.97,11.45,11.68,11.68,39573700
2015-12-09,11.77,12.06,11.43,11.56,11.56,38871100
2015-12-10,11.44,11.57,11.33,11.37,11.37,33745900
2015-12-11,11.3,11.33,11,11.07,11.07,44460900
2015-12-14,10.97,11.3,10.79,11.16,11.16,38607500
2015-12-15,11.33,11.65,11.25,11.4,11.4,35892100
2015-12-16,11.23,11.34,10.88,10.99,10.99,36387300
2015-12-17,10.95,10.95,10.71,10.74,10.74,30064600
2015-12-18,10.81,10.99,10.62,10.66,10.66,37112500
2015-12-21,10.6,10.75,10.52,10.66,10.66,26532400
2015-12-22,10.68,10.88,10.66,10.77,10.77,21685200
2015-12-23,11.06,11.29,11,11.26,11.26,39354100
2015-12-24,11.34,11.35,11.23,11.3,11.3,19038100
2015-12-28,11.06,11.07,10.91,10.93,10.93,20108800
2015-12-29,11.16,11.29,11.15,11.26,11.26,23585200
2015-12-30,10.96,11,10.84,10.93,10.93,24796400
2015-12-31,10.84,11.24,10.82,11,11,30362300
2016-01-04,11.26,11.42,10.82,10.98,10.98,36236700
2016-01-05,10.8,10.87,10.64,10.66,10.66,32173600
2016-01-06,10.3,10.47,10.06,10.11,10.11,73087100
2016-01-07,9.89,10.2,9.85,9.9,9.9,51997700
2016-01-08,9.95,10.02,9.71,9.8,9.8,44688400
2016-01-11,9.72,9.76,9.2,9.25,9.25,82008800
2016-01-12,9.43,9.48,8.9,9.17,9.17,102085300
2016-01-13,9.3,9.39,8.93,9.09,9.09,100555700
2016-01-14,9.14,9.34,9.04,9.23,9.23,47627300
2016-01-15,8.79,8.9,8.64,8.79,8.79,92820900
2016-01-19,8.75,8.77,8.45,8.49,8.49,60322600
2016-01-20,8.34,8.37,7.92,8.24,8.24,83215600
2016-01-21,8.1,8.69,8.06,8.56,8.56,87217400
2016-01-22,9.09,9.29,8.97,9.27,9.27,62556200
2016-01-25,8.94,9.12,8.54,8.54,8.54,55479000
2016-01-26,8.81,9.31,8.74,8.97,8.97,50394300
2016-01-27,8.92,9.43,8.79,9.18,9.18,71429700
2016-01-28,9.8,9.86,9.41,9.7,9.7,66151100
2016-01-29,9.77,9.88,9.38,9.65,9.65,47209700
2016-02-01,9.35,9.36,8.99,9.02,9.02,48889800
2016-02-02,8.72,8.81,8.56,8.57,8.57,44437500
2016-02-03,8.84,9.35,8.54,9.34,9.34,72246300
2016-02-04,9.55,9.65,9.06,9.12,9.12,44030700
2016-02-05,9.04,9.23,8.8,8.91,8.91,34847600
2016-02-08,8.77,8.82,8.52,8.64,8.64,38298300
2016-02-09,8.51,8.67,7.97,8.18,8.18,56309100
2016-02-10,7.97,8.4,7.89,7.96,7.96,64182800
2016-02-11,7.82,8.03,7.67,7.99,7.99,95990700
2016-02-12,8.16,8.52,8.01,8.33,8.33,67907200
2016-02-16,8.49,8.52,8.18,8.31,8.31,48950000
2016-02-17,8.43,8.9,8.39,8.78,8.78,60273400
2016-02-18,9.03,9.07,8.65,8.66,8.66,55390100
2016-02-19,8.55,8.6,8.35,8.55,8.55,47562600
2016-02-22,8.9,9.01,8.84,8.91,8.91,53972100
2016-02-23,8.76,8.76,8.43,8.48,8.48,62427200
2016-02-24,8.19,8.63,8.14,8.59,8.59,48189900
2016-02-25,8.48,8.92,8.28,8.8,8.8,39101900
2016-02-26,9.14,9.16,8.7,8.78,8.78,58799400
2016-02-29,8.86,9.04,8.78,9,9,50604400
2016-03-01,8.98,9.26,8.89,9.15,9.15,47605400
2016-03-02,9.01,9.36,8.94,9.3,9.3,49507900
2016-03-03,9.13,9.41,9.11,9.25,9.25,34161800
2016-03-04,9.29,9.65,9.18,9.65,9.65,48973800
2016-03-07,9.68,10.15,9.67,10.11,10.11,67097200
2016-03-08,10.04,10.04,9.65,9.65,9.65,45700500
2016-03-09,9.87,10.21,9.85,10.15,10.15,43985300
2016-03-10,9.96,10.12,9.88,10.04,10.04,32869700
2016-03-11,10.21,10.29,10.06,10.19,10.19,28144000
2016-03-14,9.92,9.93,9.76,9.88,9.88,37316700
2016-03-15,9.73,9.74,9.59,9.7,9.7,35471100
2016-03-16,9.91,10.2,9.91,10.18,10.18,38311700
2016-03-17,10.37,10.6,10.29,10.55,10.55,41070700
2016-03-18,10.71,10.8,10.43,10.48,10.48,38919600
2016-03-21,10.5,10.62,10.36,10.59,10.59,34995300
2016-03-22,10.41,10.64,10.38,10.54,10.54,28287400
2016-03-23,10.33,10.37,10.08,10.11,10.11,40194200
2016-03-24,9.78,10.1,9.74,10.06,10.06,50576300
2016-03-28,10.01,10.06,9.87,10.01,10.01,27248100
2016-03-29,9.71,9.82,9.63,9.8,9.8,34407600
2016-03-30,9.99,10.13,9.7,9.73,9.73,36954600
2016-03-31,9.68,9.92,9.67,9.7,9.7,32692400
2016-04-01,9.41,9.46,9.32,9.33,9.33,40266100
2016-04-04,9.32,9.46,9.05,9.08,9.08,38727100
2016-04-05,9.07,9.19,8.99,9.13,9.13,42668400
2016-04-06,9.38,9.63,9.32,9.6,9.6,45573000
2016-04-07,9.49,9.55,9.33,9.51,9.51,28205000
2016-04-08,9.98,10.11,9.93,10.03,10.03,47156500
2016-04-11,10.19,10.34,10.15,10.28,10.28,29067700
2016-04-12,10.37,10.72,10.31,10.64,10.64,56065200
2016-04-13,10.59,10.74,10.48,10.51,10.51,42934000
2016-04-14,10.58,10.65,10.42,10.48,10.48,31708200
2016-04-15,10.28,10.33,10.13,10.25,10.25,34981000
2016-04-18,9.84,10.24,9.79,10.17,10.17,38666300
2016-04-19,10.25,10.54,10.22,10.44,10.44,37479900
2016-04-20,10.24,10.88,10.2,10.76,10.76,42501200
2016-04-21,10.71,10.82,10.58,10.72,10.72,27139900
2016-04-22,10.75,10.93,10.69,10.76,10.76,29964200
2016-04-25,10.78,10.81,10.47,10.55,10.55,21975800
2016-04-26,10.66,10.87,10.62,10.81,10.81,19190200
2016-04-27,11.03,11.22,10.76,11.14,11.14,37920900
2016-04-28,11.16,11.34,11.1,11.22,11.22,24935900
2016-04-29,11.42,11.5,11.12,11.3,11.3,34802100
2016-05-02,11.24,11.25,10.95,11.05,11.05,21614400
2016-05-03,10.86,10.88,10.66,10.74,10.74,28412200
2016-05-04,10.93,11.04,10.63,10.79,10.79,24287300
2016-05-05,11.23,11.24,10.81,10.9,10.9,34159000
2016-05-06,10.81,11.15,10.78,10.96,10.96,26396700
2016-05-09,10.86,10.91,10.64,10.68,10.68,22143100
2016-05-10,10.75,11.02,10.72,10.99,10.99,20448300
2016-05-11,10.91,11.42,10.85,11.34,11.34,29338200
2016-05-12,11.53,11.53,11.22,11.45,11.45,23946400
2016-05-13,11.35,11.43,11.27,11.37,11.37,15230000
2016-05-16,11.68,11.79,11.63,11.76,11.76,26713400
2016-05-17,11.75,11.93,11.71,11.92,11.92,22310900
2016-05-18,11.85,12,11.7,11.7,11.7,29425500
2016-05-19,11.58,11.8,11.44,11.79,11.79,21902500
2016-05-20,11.79,11.86,11.61,11.75,11.75,19220000
2016-05-23,11.51,11.69,11.49,11.66,11.66,15395600
2016-05-24,11.67,11.85,11.66,11.82,11.82,17092900
2016-05-25,11.92,12.05,11.79,12.03,12.03,24984100
2016-05-26,12.11,12.12,11.92,11.95,11.95,21603300
2016-05-27,11.84,11.99,11.8,11.98,11.98,14089100
2016-05-31,11.98,12.13,11.82,11.87,11.87,16850700
2016-06-01,11.62,11.93,11.56,11.93,11.93,25553100
2016-06-02,11.67,11.96,11.65,11.86,11.86,22253200
2016-06-03,11.89,11.89,11.7,11.82,11.82,19169900
2016-06-06,12.01,12.08,11.9,12.04,12.04,23410200
2016-06-07,12.1,12.24,12.07,12.22,12.22,18247700
2016-06-08,12.34,12.45,12.28,12.43,12.43,26500300
2016-06-09,12.19,12.32,12.19,12.25,12.25,18027700
2016-06-10,12.02,12.1,11.83,11.87,11.87,21021400
2016-06-13,11.71,11.94,11.7,11.76,11.76,18163900
2016-06-14,11.73,11.79,11.66,11.73,11.73,15842400
2016-06-15,11.57,11.78,11.43,11.47,11.47,23350400
2016-06-16,11.4,11.42,11.11,11.14,11.14,31068700
2016-06-17,11.45,11.67,11.39,11.66,11.66,34921800
2016-06-20,11.82,11.96,11.76,11.91,11.91,26077300
2016-06-21,11.76,11.94,11.69,11.89,11.89,21823000
2016-06-22,11.99,12.04,11.58,11.74,11.74,26056700
2016-06-23,11.92,12,11.78,11.98,11.98,18947500
2016-06-24,11.38,11.58,11.36,11.4,11.4,32784500
2016-06-27,11.22,11.22,10.96,11.19,11.19,24678900
2016-06-28,11.4,11.47,11.2,11.47,11.47,23383000
2016-06-29,11.55,11.96,11.5,11.79,11.79,24821700
2016-06-30,11.66,11.79,11.52,11.57,11.57,22048700
2016-07-01,11.52,11.78,11.5,11.78,11.78,20567100
2016-07-05,11.35,11.37,11.09,11.18,11.18,30162300
2016-07-06,11.09,11.41,11.01,11.33,11.33,17436200
2016-07-07,11.5,11.54,10.74,10.82,10.82,36199100
2016-07-08,10.91,10.95,10.71,10.83,10.83,21540700
2016-07-11,10.91,10.95,10.64,10.65,10.65,16805900
2016-07-12,11.04,11.23,10.89,11.19,11.19,30624700
2016-07-13,11.07,11.15,10.65,10.75,10.75,34345300
2016-07-14,10.86,10.95,10.76,10.87,10.87,21465900
2016-07-15,10.99,11.08,10.89,10.99,10.99,23656100
2016-07-18,10.79,10.88,10.72,10.82,10.82,19842200
2016-07-19,10.79,10.82,10.68,10.7,10.7,17785400
2016-07-20,10.55,10.85,10.51,10.73,10.73,26551900
2016-07-21,10.68,10.75,10.49,10.49,10.49,20343800
2016-07-22,10.49,10.5,10.3,10.42,10.42,22494200
2016-07-25,10.2,10.23,10.11,10.13,10.13,24337300
2016-07-26,10.1,10.17,10.02,10.08,10.08,23818200
2016-07-27,10.1,10.17,9.81,9.9,9.9,28714900
2016-07-28,9.85,9.89,9.66,9.67,9.67,28370400
2016-07-29,9.63,9.81,9.55,9.76,9.76,25507500
2016-08-01,9.62,9.65,9.38,9.41,9.41,37967800
2016-08-02,9.59,9.63,9.24,9.33,9.33,30293900
2016-08-03,9.35,9.69,9.23,9.69,9.69,36429700
2016-08-04,9.57,9.91,9.54,9.84,9.84,30164600
2016-08-05,9.83,9.87,9.66,9.86,9.86,30849000
2016-08-08,10.03,10.21,10.02,10.1,10.1,28890900
2016-08-09,10.19,10.24,10.01,10.07,10.07,25742400
2016-08-10,10.1,10.21,9.75,9.77,9.77,31031800
2016-08-11,9.89,10.32,9.86,10.21,10.21,31426700
2016-08-12,10.3,10.5,10.26,10.5,10.5,31930100
2016-08-15,10.59,10.78,10.56,10.76,10.76,33965200
2016-08-16,10.79,10.96,10.7,10.92,10.92,34193800
2016-08-17,10.88,11.02,10.76,10.99,10.99,33402600
2016-08-18,11.11,11.34,11.11,11.3,11.3,58903400
2016-08-19,11.34,11.38,11.23,11.34,11.34,30987000
2016-08-22,11.1,11.11,10.95,10.97,10.97,24924100
2016-08-23,10.8,11.18,10.78,11.09,11.09,47774500
2016-08-24,10.94,11.03,10.74,10.82,10.82,29804500
2016-08-25,10.8,10.98,10.76,10.95,10.95,23730900
2016-08-26,10.94,11.21,10.85,10.95,10.95,26286500
2016-08-29,10.83,10.92,10.79,10.85,10.85,24748400
2016-08-30,10.93,10.97,10.69,10.73,10.73,27491800
2016-08-31,10.62,10.66,10.29,10.36,10.36,30520000
2016-09-01,10.19,10.27,9.95,10.06,10.06,59055100
2016-09-02,10.2,10.34,10.15,10.24,10.24,37178500
2016-09-06,10.21,10.4,10.16,10.39,10.39,33638100
2016-09-07,10.4,10.54,10.31,10.52,10.52,35656800
2016-09-08,10.71,11.03,10.58,10.96,10.96,53504000
2016-09-09,10.78,10.82,10.58,10.59,10.59,28882800
2016-09-12,10.4,10.74,10.37,10.64,10.64,26830900
2016-09-13,10.49,10.57,10.35,10.37,10.37,38346600
2016-09-14,10.27,10.43,10.04,10.09,10.09,53903600
2016-09-15,10.14,10.26,10.01,10.14,10.14,37908400
2016-09-16,9.93,10.07,9.9,10,10,39046900
2016-09-19,10.03,10.2,9.98,9.98,9.98,45691100
2016-09-20,9.87,10.13,9.82,10.07,10.07,44729900
2016-09-21,10.25,10.41,10.21,10.4,10.4,44116600
2016-09-22,10.57,10.61,10.48,10.53,10.53,53465000
2016-09-23,10.49,10.58,10.09,10.19,10.19,51458800
2016-09-26,10.34,10.54,10.31,10.43,10.43,42778100
2016-09-27,10.19,10.29,10.08,10.15,10.15,55523700
2016-09-28,10.3,10.82,10.12,10.65,10.65,93841600
2016-09-29,10.77,11.02,10.71,10.87,10.87,63255900
2016-09-30,10.97,11.02,10.88,10.93,10.93,43621300
2016-10-03,11.04,11.18,10.91,11.1,11.1,37672500
2016-10-04,11.18,11.2,11.04,11.09,11.09,58343500
2016-10-05,11.33,11.4,11.23,11.35,11.35,46603300
2016-10-06,11.47,11.54,11.38,11.51,11.51,42598800
2016-10-07,11.49,11.51,11.27,11.33,11.33,54470000
2016-10-10,11.53,11.77,11.52,11.67,11.67,51699700
2016-10-11,11.69,11.74,11.48,11.58,11.58,61357600
2016-10-12,11.46,11.49,11.36,11.43,11.43,46290300
2016-10-13,11.42,11.51,11.24,11.49,11.49,61376900
2016-10-14,11.5,11.51,11.35,11.44,11.44,53206600
2016-10-17,11.41,11.43,11.27,11.37,11.37,36033900
2016-10-18,11.48,11.5,11.32,11.45,11.45,37787100
2016-10-19,11.57,11.79,11.55,11.66,11.66,48222300
2016-10-20,11.49,11.54,11.39,11.43,11.43,45205200
2016-10-21,11.4,11.5,11.33,11.48,11.48,39657300
2016-10-24,11.35,11.44,11.2,11.43,11.43,50940300
2016-10-25,11.34,11.42,11.22,11.24,11.24,46612700
2016-10-26,11.07,11.31,11.03,11.09,11.09,57531500
2016-10-27,11.21,11.3,11.12,11.21,11.21,24672900
2016-10-28,11.1,11.23,10.93,11.01,11.01,28970400
2016-10-31,10.84,10.88,10.53,10.53,10.53,45276300
2016-11-01,10.65,10.69,10.43,10.57,10.57,34298900
2016-11-02,10.35,10.46,10.15,10.28,10.28,49610200
2016-11-03,10.24,10.27,10.02,10.08,10.08,39030600
2016-11-04,9.97,10.12,9.84,9.98,9.98,55960200
2016-11-07,10.06,10.16,9.96,10.16,10.16,34318700
2016-11-08,10.06,10.25,10.03,10.1,10.1,28975700
2016-11-09,10.14,10.37,10.04,10.28,10.28,40174100
2016-11-10,10.1,10.21,10.04,10.04,10.04,34036000
2016-11-11,9.88,9.9,9.74,9.77,9.77,48160800
2016-11-14,9.73,9.88,9.56,9.87,9.87,44721700
2016-11-15,10.08,10.4,10.08,10.34,10.34,61884700
2016-11-16,10.28,10.46,10.15,10.23,10.23,41035900
2016-11-17,10.44,10.48,10.12,10.13,10.13,40356100
2016-11-18,10.24,10.33,10.11,10.32,10.32,27769900
2016-11-21,10.6,10.79,10.56,10.77,10.77,42743200
2016-11-22,10.74,10.81,10.49,10.63,10.63,44315500
2016-11-23,10.6,10.77,10.56,10.67,10.67,25907100
2016-11-25,10.5,10.55,10.28,10.33,10.33,29733900
2016-11-28,10.47,10.6,10.35,10.44,10.44,58180100
2016-11-29,10.1,10.15,9.97,10.06,10.06,66923800
2016-11-30,10.06,11.1,10.06,10.93,10.93,110265700
2016-12-01,11.32,11.52,11.26,11.33,11.33,90865600
2016-12-02,11.4,11.51,11.32,11.48,11.48,38122300
2016-12-05,11.61,11.63,11.34,11.35,11.35,45355700
2016-12-06,11.22,11.35,11.18,11.29,11.29,30302200
2016-12-07,11.16,11.26,11.07,11.09,11.09,42365200
2016-12-08,11.15,11.31,11.08,11.31,11.31,32712100
2016-12-09,11.43,11.46,11.36,11.44,11.44,32887600
2016-12-12,11.9,11.94,11.58,11.62,11.62,52840100
2016-12-13,11.79,11.81,11.62,11.73,11.73,33284600
2016-12-14,11.59,11.73,11.3,11.32,11.32,40786600
2016-12-15,11.19,11.45,11.17,11.36,11.36,36588500
2016-12-16,11.44,11.58,11.4,11.55,11.55,32435200
2016-12-19,11.52,11.61,11.47,11.5,11.5,19235200
2016-12-20,11.67,11.72,11.58,11.62,11.62,19031900
2016-12-21,11.65,11.67,11.4,11.44,11.44,23070300
2016-12-22,11.5,11.59,11.46,11.46,11.46,18279200
2016-12-23,11.45,11.57,11.44,11.56,11.56,10548200
2016-12-27,11.64,11.79,11.64,11.73,11.73,14143300
2016-12-28,11.78,11.84,11.74,11.75,11.75,17743600
2016-12-29,11.75,11.81,11.68,11.72,11.72,16032300
2016-12-30,11.66,11.72,11.64,11.72,11.72,14844300
2017-01-03,11.98,12,11.36,11.44,11.44,36183500
2017-01-04,11.42,11.63,11.36,11.58,11.58,18067800
2017-01-05,11.69,11.79,11.51,11.7,11.7,21346700
2017-01-06,11.76,11.81,11.62,11.68,11.68,15279600
2017-01-09,11.52,11.53,11.3,11.31,11.31,20055400
2017-01-10,11.37,11.37,11.07,11.07,11.07,23861600
2017-01-11,11.21,11.48,11.06,11.37,11.37,32067000
2017-01-12,11.37,11.63,11.37,11.54,11.54,27338600
2017-01-13,11.45,11.53,11.37,11.41,11.41,15809600
2017-01-17,11.6,11.62,11.4,11.43,11.43,16927700
2017-01-18,11.19,11.37,11.08,11.16,11.16,30554400
2017-01-19,11.24,11.29,11.1,11.17,11.17,15742900
2017-01-20,11.45,11.5,11.37,11.39,11.39,26606900
2017-01-23,11.21,11.38,11.21,11.32,11.32,14650700
2017-01-24,11.37,11.48,11.36,11.37,11.37,15367200
2017-01-25,11.3,11.46,11.27,11.31,11.31,19089800
2017-01-26,11.44,11.58,11.42,11.53,11.53,21535500
2017-01-27,11.4,11.44,11.27,11.4,11.4,19895300
2017-01-30,11.35,11.35,11.23,11.28,11.28,16441600
2017-01-31,11.4,11.48,11.28,11.32,11.32,19187000
2017-02-01,11.42,11.55,11.33,11.48,11.48,20131300
2017-02-02,11.57,11.59,11.43,11.51,11.51,19759600
2017-02-03,11.49,11.62,11.46,11.54,11.54,20923400
2017-02-06,11.52,11.54,11.34,11.38,11.38,24406200
2017-02-07,11.21,11.23,11.11,11.19,11.19,38093500
2017-02-08,11.11,11.28,11.04,11.23,11.23,27492100
2017-02-09,11.23,11.39,11.23,11.35,11.35,20406900
2017-02-10,11.53,11.58,11.48,11.5,11.5,26622800
2017-02-13,11.37,11.4,11.3,11.32,11.32,20504000
2017-02-14,11.48,11.49,11.35,11.38,11.38,18470900
2017-02-15,11.33,11.45,11.32,11.36,11.36,19615800
2017-02-16,11.44,11.45,11.27,11.41,11.41,13772400
2017-02-17,11.32,11.42,11.31,11.39,11.39,13810200
2017-02-21,11.63,11.64,11.51,11.54,11.54,25221400
2017-02-22,11.38,11.4,11.32,11.36,11.36,18527400
2017-02-23,11.61,11.65,11.5,11.53,11.53,19254600
2017-02-24,11.44,11.51,11.44,11.46,11.46,11322100
2017-02-27,11.56,11.57,11.45,11.47,11.47,10362500
2017-02-28,11.36,11.47,11.28,11.45,11.45,16896500
2017-03-01,11.51,11.55,11.4,11.4,11.4,14578500
2017-03-02,11.21,11.3,11.15,11.17,11.17,21734400
2017-03-03,11.19,11.33,11.18,11.29,11.29,14425600
2017-03-06,11.32,11.36,11.24,11.28,11.28,15630400
2017-03-07,11.38,11.39,11.26,11.27,11.27,10927500
2017-03-08,11.11,11.22,10.62,10.67,10.67,65761200
2017-03-09,10.57,10.59,10.32,10.53,10.53,48216300
2017-03-10,10.52,10.52,10.25,10.29,10.29,43623400
2017-03-13,10.29,10.34,10.22,10.28,10.28,41080000
2017-03-14,10.11,10.21,10.02,10.19,10.19,43678900
2017-03-15,10.31,10.41,10.24,10.38,10.38,34094800
2017-03-16,10.39,10.4,10.29,10.36,10.36,22429000
2017-03-17,10.42,10.43,10.32,10.33,10.33,17883700
2017-03-20,10.26,10.36,10.22,10.27,10.27,13767800
2017-03-21,10.3,10.33,10.07,10.11,10.11,24905200
2017-03-22,10.02,10.14,9.88,10.12,10.12,22442800
2017-03-23,10.04,10.07,9.99,10.01,10.01,18601100
2017-03-24,10.05,10.1,9.98,10.09,10.09,16115000
2017-03-27,9.93,10.05,9.88,10.04,10.04,22504200
2017-03-28,10.11,10.23,10.09,10.15,10.15,17808800
2017-03-29,10.18,10.4,10.17,10.37,10.37,23155500
2017-03-30,10.47,10.59,10.44,10.57,10.57,28570800
2017-03-31,10.52,10.66,10.51,10.64,10.64,19430600
2017-04-03,10.62,10.63,10.52,10.55,10.55,16796100
2017-04-04,10.63,10.74,10.59,10.71,10.71,24385600
2017-04-05,10.84,10.89,10.65,10.68,10.68,28988000
2017-04-06,10.82,10.88,10.8,10.86,10.86,21920900
2017-04-07,10.89,10.97,10.87,10.96,10.96,19212800
2017-04-10,11.07,11.14,11.04,11.14,11.14,22166500
2017-04-11,11.13,11.21,11.06,11.17,11.17,24549100
2017-04-12,11.24,11.26,11.08,11.11,11.11,25773000
2017-04-13,11.18,11.2,11.1,11.13,11.13,17369800
2017-04-17,11.13,11.15,11.04,11.06,11.06,14853400
2017-04-18,11,11.1,10.94,11.04,11.04,14503600
2017-04-19,11.03,11.05,10.52,10.62,10.62,50463000
2017-04-20,10.58,10.68,10.52,10.54,10.54,29358300
2017-04-21,10.55,10.55,10.25,10.32,10.32,38664800
2017-04-24,10.29,10.31,10.21,10.25,10.25,27837300
2017-04-25,10.25,10.38,10.18,10.36,10.36,23694300
2017-04-26,10.24,10.46,10.22,10.26,10.26,26806700
2017-04-27,10.13,10.26,10.04,10.24,10.24,34004000
2017-04-28,10.29,10.33,10.17,10.24,10.24,15798000
2017-05-01,10.19,10.21,10.12,10.15,10.15,16116300
2017-05-02,10.17,10.17,9.86,9.92,9.92,44146300
2017-05-03,9.96,10.01,9.86,9.93,9.93,36540400
2017-05-04,9.75,9.76,9.43,9.46,9.46,70243500
2017-05-05,9.47,9.72,9.47,9.66,9.66,35582100
2017-05-08,9.65,9.75,9.53,9.67,9.67,30537500
2017-05-09,9.64,9.67,9.48,9.57,9.57,20430200
2017-05-10,9.7,9.95,9.68,9.86,9.86,33397600
2017-05-11,9.99,10.04,9.9,9.94,9.94,19372200
2017-05-12,9.97,9.98,9.85,9.95,9.95,19435600
2017-05-15,10.27,10.28,10.13,10.17,10.17,36712500
2017-05-16,10.22,10.26,10.09,10.11,10.11,16824900
2017-05-17,10.19,10.29,10.1,10.19,10.19,27053700
2017-05-18,10.13,10.31,10.09,10.26,10.26,21291700
2017-05-19,10.4,10.49,10.38,10.48,10.48,24768200
2017-05-22,10.55,10.6,10.5,10.54,10.54,24494100
2017-05-23,10.58,10.65,10.54,10.64,10.64,26251000
2017-05-24,10.62,10.7,10.54,10.6,10.6,32217200
2017-05-25,10.5,10.58,10.01,10.04,10.04,83813000
2017-05-26,10.14,10.3,10.09,10.28,10.28,31424500
2017-05-30,10.17,10.3,10.13,10.24,10.24,15950800
2017-05-31,9.99,10.05,9.86,9.96,9.96,33314100
2017-06-01,10.01,10.16,9.91,9.91,9.91,30181300
2017-06-02,9.83,9.93,9.73,9.86,9.86,30743200
2017-06-05,9.72,9.82,9.68,9.8,9.8,28136700
2017-06-06,9.74,9.99,9.73,9.97,9.97,26368100
2017-06-07,9.84,9.88,9.44,9.46,9.46,58698800
2017-06-08,9.4,9.53,9.37,9.43,9.43,39626600
2017-06-09,9.44,9.55,9.41,9.49,9.49,25624700
2017-06-12,9.61,9.65,9.51,9.52,9.52,25478800
2017-06-13,9.51,9.62,9.41,9.6,9.6,25996700
2017-06-14,9.54,9.59,9.2,9.23,9.23,60687800
2017-06-15,9.22,9.24,9.16,9.18,9.18,31606500
2017-06-16,9.26,9.27,9.2,9.24,9.24,21403800
2017-06-19,9.27,9.3,9.11,9.12,9.12,25802300
2017-06-20,8.93,8.97,8.83,8.95,8.95,48635000
2017-06-21,8.97,9.08,8.65,8.71,8.71,61198200
2017-06-22,8.8,8.91,8.77,8.78,8.78,31594100
2017-06-23,8.8,8.89,8.75,8.86,8.86,31028400
2017-06-26,8.88,8.96,8.77,8.93,8.93,37263000
2017-06-27,8.99,9.14,8.98,9.1,9.1,29140000
2017-06-28,9.1,9.22,9.03,9.2,9.2,29368000
2017-06-29,9.27,9.34,9.18,9.21,9.21,31259000
2017-06-30,9.32,9.5,9.29,9.5,9.5,32678800
2017-07-03,9.55,9.63,9.54,9.62,9.62,20200800
2017-07-05,9.56,9.58,9.23,9.25,9.25,68182000
2017-07-06,9.44,9.56,9.29,9.31,9.31,41881900
2017-07-07,9.19,9.2,9,9.1,9.1,43291300
2017-07-10,9.04,9.22,9.02,9.13,9.13,27664400
2017-07-11,9.11,9.31,9.08,9.27,9.27,24638500
2017-07-12,9.46,9.55,9.27,9.33,9.33,38201300
2017-07-13,9.39,9.5,9.36,9.47,9.47,20580600
2017-07-14,9.53,9.61,9.48,9.59,9.59,24820300
2017-07-17,9.54,9.6,9.45,9.45,9.45,25032500
2017-07-18,9.6,9.61,9.47,9.54,9.54,26992800
2017-07-19,9.57,9.72,9.57,9.69,9.69,25576700
2017-07-20,9.77,9.78,9.58,9.61,9.61,20593500
2017-07-21,9.56,9.57,9.32,9.34,9.34,37452800
2017-07-24,9.47,9.52,9.44,9.5,9.5,19736600
2017-07-25,9.69,9.82,9.65,9.81,9.81,27615000
2017-07-26,9.9,10.01,9.8,9.96,9.96,38918300
2017-07-27,10.03,10.08,9.93,10.06,10.06,26971000
2017-07-28,10.09,10.2,10.08,10.17,10.17,33308000
2017-07-31,10.15,10.32,10.07,10.28,10.28,32549200
2017-08-01,10.17,10.18,9.9,10.09,10.09,41539700
2017-08-02,10.07,10.17,9.95,10.14,10.14,27049600
2017-08-03,10.21,10.23,9.99,10.02,10.02,23288000
2017-08-04,10.05,10.16,9.97,10.13,10.13,17626300
2017-08-07,10.02,10.12,9.94,10.1,10.1,19825500
2017-08-08,10.03,10.15,10.01,10.06,10.06,23435400
2017-08-09,10.12,10.15,10.04,10.15,10.15,17346600
2017-08-10,10.24,10.25,9.9,9.91,9.91,24936600
2017-08-11,9.88,10.03,9.83,9.99,9.99,14900200
2017-08-14,9.98,10.06,9.71,9.72,9.72,25130200
2017-08-15,9.66,9.76,9.63,9.75,9.75,19875800
2017-08-16,9.77,9.85,9.56,9.57,9.57,37689700
2017-08-17,9.54,9.66,9.52,9.62,9.62,15970800
2017-08-18,9.66,9.98,9.59,9.97,9.97,30468000
2017-08-21,9.87,9.91,9.64,9.71,9.71,30279000
2017-08-22,9.76,9.84,9.72,9.77,9.77,14248600
2017-08-23,9.76,9.9,9.73,9.88,9.88,16572400
2017-08-24,9.79,9.8,9.61,9.71,9.71,18166700
2017-08-25,9.71,9.78,9.69,9.75,9.75,15187500
2017-08-28,9.69,9.7,9.42,9.53,9.53,32482400
2017-08-29,9.48,9.5,9.34,9.46,9.46,19661000
2017-08-30,9.4,9.54,9.36,9.38,9.38,18890600
2017-08-31,9.49,9.69,9.49,9.63,9.63,25509700
2017-09-01,9.6,9.67,9.51,9.67,9.67,16012300
2017-09-05,9.91,10,9.89,9.92,9.92,24644300
2017-09-06,10.02,10.09,9.96,10.04,10.04,20626800
2017-09-07,9.98,10.06,9.96,10.03,10.03,20804800
2017-09-08,9.99,10.02,9.66,9.73,9.73,24078300
2017-09-11,9.66,9.86,9.61,9.82,9.82,16411100
2017-09-12,9.83,9.89,9.8,9.87,9.87,14170300
2017-09-13,9.92,10.07,9.89,10.07,10.07,22545000
2017-09-14,10.17,10.28,10.11,10.13,10.13,25561000
2017-09-15,10.19,10.22,10.14,10.2,10.2,16084400
2017-09-18,10.14,10.2,10.04,10.17,10.17,18930500
2017-09-19,10.22,10.24,10.05,10.11,10.11,15231800
2017-09-20,10.19,10.33,10.13,10.24,10.24,23015500
2017-09-21,10.18,10.26,10.13,10.25,10.25,11603300
2017-09-22,10.2,10.26,10.18,10.24,10.24,13084800
2017-09-25,10.34,10.56,10.34,10.55,10.55,29848200
2017-09-26,10.46,10.51,10.39,10.49,10.49,14392000
2017-09-27,10.52,10.56,10.44,10.52,10.52,16026500
2017-09-28,10.63,10.65,10.35,10.43,10.43,18687200
2017-09-29,10.39,10.46,10.36,10.43,10.43,13117200
2017-10-02,10.17,10.23,10.12,10.21,10.21,17721000
2017-10-03,10.21,10.25,10.16,10.18,10.18,11278900
2017-10-04,10.18,10.24,10.06,10.08,10.08,13078000
2017-10-05,10.14,10.35,10.13,10.25,10.25,12987400
2017-10-06,10.01,10.02,9.92,9.97,9.97,23509600
2017-10-09,10.03,10.06,9.96,10,10,10976300
2017-10-10,10.2,10.32,10.19,10.28,10.28,15506600
2017-10-11,10.31,10.37,10.22,10.36,10.36,13904300
2017-10-12,10.17,10.29,10.13,10.23,10.23,15218500
2017-10-13,10.38,10.4,10.29,10.37,10.37,18411900
2017-10-16,10.53,10.54,10.42,10.46,10.46,16045700
2017-10-17,10.47,10.53,10.33,10.49,10.49,16405100
2017-10-18,10.51,10.55,10.43,10.48,10.48,13461900
2017-10-19,10.34,10.42,10.32,10.35,10.35,11579100
2017-10-20,10.29,10.44,10.29,10.43,10.43,11985300
2017-10-23,10.47,10.49,10.37,10.42,10.42,11346200
2017-10-24,10.48,10.55,10.39,10.54,10.54,18370700
2017-10-25,10.48,10.52,10.42,10.48,10.48,17233000
2017-10-26,10.45,10.58,10.43,10.57,10.57,15344000
2017-10-27,10.56,10.85,10.55,10.84,10.84,24699000
2017-10-30,10.56,10.93,10.56,10.87,10.87,12586400
2017-10-31,10.85,10.96,10.83,10.93,10.93,14033200
2017-11-01,11.03,11.06,10.82,10.9,10.9,21152000
2017-11-02,10.9,11.01,10.87,10.99,10.99,10079300
2017-11-03,11,11.2,10.93,11.18,11.18,18851200
2017-11-06,11.19,11.57,11.17,11.51,11.51,30754200
2017-11-07,11.47,11.53,11.42,11.49,11.49,17894800
2017-11-08,11.44,11.63,11.33,11.41,11.41,37214600
2017-11-09,11.42,11.55,11.4,11.46,11.46,19683700
2017-11-10,11.48,11.52,11.36,11.42,11.42,11713000
2017-11-13,11.42,11.48,11.31,11.38,11.38,13898500
2017-11-14,11.35,11.36,11.08,11.13,11.13,21526500
2017-11-15,11.08,11.15,11.02,11.09,11.09,13776500
2017-11-16,11.07,11.17,11.03,11.07,11.07,12232000
2017-11-17,11.21,11.36,11.2,11.35,11.35,16387200
2017-11-20,11.27,11.29,11.15,11.28,11.28,11438000
2017-11-21,11.3,11.45,11.3,11.4,11.4,12239300
2017-11-22,11.55,11.62,11.47,11.6,11.6,17969300
2017-11-24,11.74,11.79,11.7,11.79,11.79,9394100
2017-11-27,11.65,11.68,11.51,11.59,11.59,13886000
2017-11-28,11.56,11.63,11.53,11.58,11.58,8109500
2017-11-29,11.58,11.66,11.36,11.47,11.47,16093700
2017-11-30,11.55,11.58,11.37,11.47,11.47,17819100
2017-12-01,11.65,11.78,11.6,11.67,11.67,14145200
2017-12-04,11.54,11.58,11.47,11.49,11.49,12187700
2017-12-05,11.47,11.59,11.46,11.54,11.54,12914400
2017-12-06,11.4,11.41,11.18,11.2,11.2,19389000
2017-12-07,11.27,11.36,11.26,11.33,11.33,9103400
2017-12-08,11.52,11.55,11.4,11.49,11.49,9426600
2017-12-11,11.54,11.61,11.5,11.6,11.6,14382900
2017-12-12,11.64,11.64,11.37,11.44,11.44,24854900
2017-12-13,11.46,11.48,11.3,11.33,11.33,18213100
2017-12-14,11.22,11.43,11.21,11.43,11.43,9073200
2017-12-15,11.47,11.49,11.4,11.46,11.46,9608500
2017-12-18,11.5,11.53,11.37,11.44,11.44,13068000
2017-12-19,11.48,11.51,11.45,11.51,11.51,6849100
2017-12-20,11.54,11.62,11.48,11.61,11.61,10117800
2017-12-21,11.54,11.67,11.52,11.64,11.64,11135600
2017-12-22,11.58,11.69,11.58,11.66,11.66,6591400
2017-12-26,11.73,11.99,11.72,11.95,11.95,17599000
2017-12-27,11.93,11.96,11.87,11.92,11.92,8270200
2017-12-28,11.91,11.98,11.88,11.97,11.97,12368100
2017-12-29,12.02,12.09,11.98,12.01,12.01,11801900
2018-01-02,12.07,12.1,12.01,12.07,12.07,11980700
2018-01-03,12.17,12.36,12.17,12.34,12.34,17249200
2018-01-04,12.33,12.42,12.31,12.37,12.37,11847900
2018-01-05,12.28,12.33,12.21,12.31,12.31,12879100
2018-01-08,12.31,12.38,12.27,12.38,12.38,9833800
2018-01-09,12.41,12.64,12.37,12.57,12.57,21329200
2018-01-10,12.67,12.71,12.6,12.68,12.68,14572400
2018-01-11,12.76,12.92,12.7,12.7,12.7,20632800
2018-01-12,12.68,12.89,12.65,12.87,12.87,22801600
2018-01-16,12.81,12.86,12.68,12.76,12.76,18222800
2018-01-17,12.73,12.84,12.71,12.78,12.78,15936200
2018-01-18,12.75,12.85,12.7,12.76,12.76,16605700
2018-01-19,12.68,12.74,12.61,12.72,12.72,17345400
2018-01-22,12.68,12.84,12.63,12.78,12.78,14929800
2018-01-23,12.84,12.99,12.83,12.97,12.97,16617900
2018-01-24,12.94,13.23,12.91,13.22,13.22,26137800
2018-01-25,13.28,13.3,13.03,13.06,13.06,16774400
2018-01-26,13.11,13.29,13.1,13.24,13.24,31775900
2018-01-29,13.11,13.15,13.01,13.11,13.11,15828900
2018-01-30,12.94,12.95,12.84,12.9,12.9,34429400
2018-01-31,12.91,13.01,12.79,12.98,12.98,19696100
2018-02-01,13.08,13.26,13.03,13.24,13.24,20074200
2018-02-02,13.12,13.17,12.92,13.04,13.04,28757500
2018-02-05,13.03,13.07,12.73,12.77,12.77,30728600
2018-02-06,12.7,12.88,12.67,12.7,12.7,23636300
2018-02-07,12.72,12.81,12.28,12.37,12.37,36909300
2018-02-08,12.42,12.44,12.08,12.09,12.09,27259500
2018-02-09,12.11,12.14,11.65,11.86,11.86,43183100
2018-02-12,11.98,12.1,11.87,11.89,11.89,16312100
2018-02-13,11.79,11.93,11.71,11.87,11.87,18982100
2018-02-14,11.73,12.23,11.69,12.18,12.18,35759100
2018-02-15,12.09,12.36,11.99,12.33,12.33,19248300
2018-02-16,12.27,12.44,12.22,12.38,12.38,17782500
2018-02-20,12.42,12.56,12.35,12.39,12.39,21757900
2018-02-21,12.33,12.44,12.28,12.29,12.29,11380400
2018-02-22,12.46,12.69,12.38,12.59,12.59,19294700
2018-02-23,12.61,12.82,12.6,12.77,12.77,18401000
2018-02-26,12.73,12.92,12.68,12.86,12.86,13987400
2018-02-27,12.84,12.85,12.61,12.65,12.65,17031600
2018-02-28,12.71,12.76,12.34,12.37,12.37,27806400
2018-03-01,12.26,12.38,12.11,12.35,12.35,25910900
2018-03-02,12.22,12.37,12.1,12.37,12.37,18037700
2018-03-05,12.33,12.63,12.32,12.59,12.59,19666800
2018-03-06,12.62,12.64,12.51,12.57,12.57,18055900
2018-03-07,12.48,12.59,12.19,12.35,12.35,24957700
2018-03-08,12.32,12.33,12.08,12.15,12.15,23049800
2018-03-09,12.27,12.5,12.26,12.47,12.47,19384800
2018-03-12,12.41,12.44,12.22,12.37,12.37,17481100
2018-03-13,12.31,12.5,12.15,12.24,12.24,24193900
2018-03-14,12.28,12.34,12.14,12.28,12.28,18557000
2018-03-15,12.35,12.42,12.29,12.34,12.34,11738900
2018-03-16,12.35,12.62,12.32,12.55,12.55,27880700
2018-03-19,12.57,12.58,12.39,12.55,12.55,22842900
2018-03-20,12.76,12.9,12.71,12.81,12.81,18254700
2018-03-21,12.96,13.21,12.93,13.18,13.18,23088200
2018-03-22,13.01,13.05,12.93,12.95,12.95,15731600
2018-03-23,13.09,13.3,13.08,13.28,13.28,18159100
2018-03-26,13.23,13.28,13.12,13.21,13.21,24974700
2018-03-27,13.28,13.29,13.04,13.08,13.08,20617300
2018-03-28,13.02,13.13,12.85,13.04,13.04,18983200
2018-03-29,12.99,13.16,12.94,13.09,13.09,16318400
2018-04-02,12.98,12.98,12.7,12.74,12.74,19311400
2018-04-03,12.78,12.86,12.72,12.81,12.81,9174600
2018-04-04,12.55,12.83,12.52,12.82,12.82,20310800
2018-04-05,12.82,12.94,12.74,12.83,12.83,17246300
2018-04-06,12.8,12.85,12.47,12.51,12.51,25180100
2018-04-09,12.69,12.83,12.67,12.77,12.77,12814100
2018-04-10,13.02,13.27,13.02,13.25,13.25,23747600
2018-04-11,13.3,13.59,13.25,13.45,13.45,24684500
2018-04-12,13.4,13.54,13.3,13.52,13.52,14872000
2018-04-13,13.55,13.64,13.5,13.55,13.55,14162800
2018-04-16,13.49,13.5,13.34,13.38,13.38,14024600
2018-04-17,13.27,13.44,13.24,13.41,13.41,13155100
2018-04-18,13.7,13.9,13.64,13.88,13.88,26579100
2018-04-19,13.95,14,13.72,13.77,13.77,17428400
2018-04-20,13.66,13.84,13.62,13.75,13.75,11831000
2018-04-23,13.61,13.94,13.55,13.92,13.92,16592800
2018-04-24,13.85,14,13.63,13.68,13.68,20080400
2018-04-25,13.69,13.76,13.55,13.72,13.72,13658500
2018-04-26,13.83,13.84,13.67,13.77,13.77,17213700
2018-04-27,13.68,13.8,13.67,13.73,13.73,12811800
2018-04-30,13.62,14,13.6,13.8,13.8,28937300
2018-05-01,13.69,13.7,13.5,13.61,13.61,16092100
2018-05-02,13.56,13.76,13.51,13.67,13.67,13823000
2018-05-03,13.63,13.85,13.58,13.82,13.82,12158000
2018-05-04,13.83,14.13,13.83,14.09,14.09,18774100
2018-05-07,14.19,14.3,14.03,14.1,14.1,28789200
2018-05-08,14.18,14.22,13.66,14.06,14.06,52862500
2018-05-09,14.27,14.41,14.26,14.37,14.37,19482500
2018-05-10,14.38,14.44,14.25,14.41,14.41,15627100
2018-05-11,14.37,14.43,14.24,14.25,14.25,14070000
2018-05-14,14.3,14.4,14.29,14.38,14.38,16266500
2018-05-15,14.37,14.44,14.25,14.4,14.4,17895700
2018-05-16,14.34,14.48,14.3,14.46,14.46,13464200
2018-05-17,14.54,14.63,14.4,14.49,14.49,17198900
2018-05-18,14.44,14.5,14.37,14.43,14.43,12458100
2018-05-21,14.48,14.67,14.47,14.67,14.67,13455100
2018-05-22,14.65,14.74,14.55,14.56,14.56,19676000
2018-05-23,14.53,14.58,14.39,14.51,14.51,15083600
2018-05-24,14.29,14.4,14.27,14.29,14.29,15453900
2018-05-25,13.93,13.93,13.65,13.68,13.68,40562400
2018-05-29,13.57,13.6,13.33,13.51,13.51,26313000
2018-05-30,13.58,13.85,13.58,13.83,13.83,24120900
2018-05-31,13.58,13.79,13.46,13.55,13.55,24246000
2018-06-01,13.41,13.52,13.25,13.25,13.25,22948100
2018-06-04,13.3,13.33,13.06,13.12,13.12,19875500
2018-06-05,13.03,13.26,13,13.22,13.22,22309300
2018-06-06,13.19,13.25,13,13.16,13.16,16929700
2018-06-07,13.21,13.36,13.2,13.35,13.35,14214600
2018-06-08,13.31,13.39,13.18,13.27,13.27,15834100
2018-06-11,13.17,13.42,13.15,13.36,13.36,14690600
2018-06-12,13.34,13.49,13.33,13.4,13.4,19473300
2018-06-13,13.35,13.52,13.33,13.47,13.47,17456900
2018-06-14,13.55,13.56,13.4,13.52,13.52,13338000
2018-06-15,13.44,13.44,13.04,13.05,13.05,27494500
2018-06-18,13.17,13.33,13.12,13.29,13.29,17784900
2018-06-19,13.1,13.21,13.01,13.14,13.14,15998200
2018-06-20,13.32,13.44,13.15,13.28,13.28,20321900
2018-06-21,13.14,13.41,13.12,13.31,13.31,17963000
2018-06-22,13.71,14.03,13.59,14.02,14.02,32875800
2018-06-25,14.01,14.05,13.73,13.77,13.77,24799600
2018-06-26,13.91,14.31,13.79,14.27,14.27,33644300
2018-06-27,14.49,14.8,14.48,14.65,14.65,34440900
2018-06-28,14.73,14.99,14.69,14.86,14.86,31061500
2018-06-29,14.93,15.08,14.92,15.06,15.06,21610000
2018-07-02,15,15.06,14.87,14.96,14.96,21536200
2018-07-03,15.19,15.25,14.73,14.92,14.92,21090900
2018-07-05,15,15.05,14.7,14.78,14.78,21897200
2018-07-06,14.67,14.98,14.66,14.96,14.96,18943600
2018-07-09,14.97,15.03,14.81,15.03,15.03,12898200
2018-07-10,15.11,15.17,14.98,15.07,15.07,15415200
2018-07-11,14.88,15.03,14.22,14.31,14.31,38408300
2018-07-12,14.38,14.45,14.14,14.39,14.39,23510400
2018-07-13,14.42,14.66,14.4,14.47,14.47,19184300
2018-07-16,14.2,14.23,13.86,13.94,13.94,31202200
2018-07-17,13.84,14.05,13.76,13.95,13.95,54456500
2018-07-18,13.85,14.11,13.78,14.1,14.1,22275400
2018-07-19,14.08,14.29,14.03,14.13,14.13,22130300
2018-07-20,14.18,14.23,14.07,14.15,14.15,22809500
2018-07-23,14.32,14.4,14.05,14.09,14.09,23496000
2018-07-24,14.11,14.35,14.11,14.23,14.23,19964500
2018-07-25,14.28,14.48,14.17,14.42,14.42,21492300
2018-07-26,14.34,14.54,14.34,14.47,14.47,15826300
2018-07-27,14.45,14.5,14.19,14.32,14.32,15063300
2018-07-30,14.59,14.64,14.52,14.54,14.54,17240300
2018-07-31,14.38,14.4,14.24,14.28,14.28,16243900
2018-08-01,14.09,14.22,13.99,14.09,14.09,18113800
2018-08-02,14.01,14.42,13.98,14.36,14.36,17357300
2018-08-03,14.31,14.35,14.11,14.27,14.27,16502400
2018-08-06,14.4,14.54,14.3,14.31,14.31,20448200
2018-08-07,14.43,14.48,14.34,14.36,14.36,13378800
2018-08-08,14.19,14.19,13.8,13.9,13.9,28879800
2018-08-09,13.97,14.03,13.87,13.88,13.88,16144000
2018-08-10,14.01,14.12,13.99,14.08,14.08,18042000
2018-08-13,14.01,14.05,13.68,14.01,14.01,27380100
2018-08-14,14.22,14.23,13.89,13.99,13.99,18942300
2018-08-15,13.78,13.79,13.44,13.51,13.51,47568300
2018-08-16,13.57,13.65,13.52,13.63,13.63,18469000
2018-08-17,13.81,13.82,13.61,13.69,13.69,20418900
2018-08-20,13.69,13.8,13.66,13.76,13.76,17522400
2018-08-21,13.96,13.98,13.81,13.83,13.83,10723600
2018-08-22,14.13,14.32,14.06,14.27,14.27,20301600
2018-08-23,14.2,14.31,14.16,14.27,14.27,11531100
2018-08-24,14.5,14.58,14.36,14.43,14.43,14303300
2018-08-27,14.48,14.51,14.41,14.5,14.5,10867600
2018-08-28,14.51,14.51,14.35,14.43,14.43,10730100
2018-08-29,14.53,14.67,14.48,14.66,14.66,17719500
2018-08-30,14.69,14.83,14.64,14.75,14.75,14333900
2018-08-31,14.73,14.78,14.65,14.71,14.71,11002800
2018-09-04,14.85,14.87,14.53,14.58,14.58,15035800
2018-09-05,14.58,14.64,14.44,14.49,14.49,12873600
2018-09-06,14.46,14.49,14.1,14.3,14.3,15539100
2018-09-07,14.13,14.29,14.07,14.28,14.28,13748700
2018-09-10,14.38,14.42,14.17,14.21,14.21,9941300
2018-09-11,14.27,14.63,14.23,14.6,14.6,12411200
2018-09-12,14.75,14.96,14.73,14.78,14.78,18648500
2018-09-13,14.61,14.67,14.39,14.49,14.49,18426700
2018-09-14,14.48,14.71,14.31,14.5,14.5,16358000
2018-09-17,14.61,14.66,14.42,14.47,14.47,14423300
2018-09-18,14.69,14.81,14.59,14.69,14.69,14687600
2018-09-19,14.74,14.95,14.73,14.94,14.94,17463400
2018-09-20,15.02,15.05,14.78,14.8,14.8,14768600
2018-09-21,14.99,15.15,14.78,14.96,14.96,28359900
2018-09-24,15.22,15.36,15.17,15.25,15.25,24690800
2018-09-25,15.32,15.36,15.18,15.27,15.27,18303900
2018-09-26,15.17,15.24,15.09,15.11,15.11,11065200
2018-09-27,15.26,15.27,15.15,15.26,15.26,11781900
2018-09-28,15.24,15.57,15.23,15.52,15.52,18517100
2018-10-01,15.5,16.01,15.45,15.95,15.95,26228400
2018-10-02,15.95,15.96,15.83,15.87,15.87,15998000
2018-10-03,15.85,16.24,15.67,16.08,16.08,26224200
2018-10-04,16.030001,16.030001,15.61,15.74,15.74,26401700
2018-10-05,15.72,15.88,15.6,15.69,15.69,26026300
2018-10-08,15.56,15.71,15.53,15.68,15.68,19786700
2018-10-09,15.78,15.9,15.64,15.82,15.82,23300600
2018-10-10,15.77,15.77,15.37,15.38,15.38,18077900
2018-10-11,15.22,15.27,14.89,14.95,14.95,29788500
2018-10-12,15.14,15.16,14.92,15.12,15.12,26727200
2018-10-15,15.12,15.17,14.97,15.13,15.13,22378000
2018-10-16,15.09,15.27,15.05,15.19,15.19,18469600
2018-10-17,15.05,15.06,14.69,14.82,14.82,31607600
2018-10-18,14.56,14.76,14.51,14.56,14.56,23906400
2018-10-19,14.68,14.8,14.63,14.72,14.72,20596400
2018-10-22,14.6,14.75,14.5,14.74,14.74,17461800
2018-10-23,14.36,14.39,13.93,14.04,14.04,46733900
2018-10-24,14.24,14.34,14.04,14.05,14.05,27014000
2018-10-25,14.18,14.33,14.16,14.21,14.21,15381000
2018-10-26,14.12,14.38,14.06,14.33,14.33,21719500
2018-10-29,14.25,14.28,14.04,14.11,14.11,21263300
2018-10-30,13.9,14.16,13.87,14.03,14.03,19665600
2018-10-31,13.99,14.13,13.77,13.79,13.79,31990800
2018-11-01,13.86,13.86,13.37,13.46,13.46,36053900
2018-11-02,13.42,13.52,13.28,13.31,13.31,28761400
2018-11-05,13.49,13.59,13.29,13.3,13.3,19649400
2018-11-06,13.39,13.42,12.99,13.18,13.18,29618600
2018-11-07,13.26,13.31,12.98,13.06,13.06,25920300
2018-11-08,12.99,13.06,12.82,12.84,12.84,27401000
2018-11-09,12.65,12.84,12.57,12.7,12.7,30864700
2018-11-12,12.86,12.97,12.44,12.48,12.48,34847000
2018-11-13,12.42,12.48,11.62,11.69,11.69,84955700
2018-11-14,12.02,12.17,11.88,11.95,11.95,55488800
2018-11-15,11.99,12.16,11.93,11.98,11.98,39391900
2018-11-16,12.2,12.3,11.87,12.07,12.07,30347000
2018-11-19,11.88,12.18,11.7,12.14,12.14,34529500
2018-11-20,11.83,11.9,11.16,11.27,11.27,72177700
2018-11-21,11.51,11.82,11.42,11.52,11.52,38220800
2018-11-23,10.88,10.94,10.69,10.83,10.83,55536400
2018-11-26,10.95,11.06,10.88,10.94,10.94,39021600
2018-11-27,10.97,11.08,10.64,10.95,10.95,36086100
2018-11-28,10.85,11.04,10.6,10.66,10.66,48781800
2018-11-29,10.84,11.04,10.76,10.87,10.87,33119900
2018-11-30,10.63,10.93,10.51,10.73,10.73,46819800
2018-12-03,11.27,11.27,11.02,11.27,11.27,32582300
2018-12-04,11.25,11.35,11.15,11.18,11.18,27194400
2018-12-06,10.86,11,10.6,10.94,10.94,45909400
2018-12-07,11.37,11.48,11.08,11.11,11.11,43287600
2018-12-10,10.87,11.03,10.7,10.75,10.75,31402100
2018-12-11,11.04,11.1,10.85,10.95,10.95,20848300
2018-12-12,11.07,11.13,10.79,10.82,10.82,26276000
2018-12-13,10.74,11.27,10.72,11.21,11.21,53082700
2018-12-14,11.09,11.1,10.78,10.82,10.82,35792000
2018-12-17,10.89,10.91,10.41,10.45,10.45,40129600
2018-12-18,10.41,10.41,9.73,9.79,9.79,56381900
2018-12-19,9.97,10.2,9.92,10.02,10.02,38468500
2018-12-20,9.81,9.96,9.64,9.72,9.72,44132600
2018-12-21,9.62,9.78,9.54,9.57,9.57,38901200
2018-12-24,9.49,9.52,9.28,9.29,9.29,21598200
2018-12-26,9.25,9.92,9.23,9.9,9.9,40978800
2018-12-27,9.59,9.65,9.37,9.62,9.62,36578700
2018-12-28,9.54,9.65,9.38,9.53,9.53,22803400
2018-12-31,9.63,9.71,9.44,9.66,9.66,28417400
2019-01-02,9.42,10.08,9.36,9.85,9.85,33102800
2019-01-03,9.99,10.01,9.65,9.95,9.95,32219000
2019-01-04,10.17,10.39,10.06,10.18,10.18,38916100
2019-01-07,10.27,10.52,10.23,10.29,10.29,32249100
2019-01-08,10.43,10.55,10.36,10.5,10.5,29153200
2019-01-09,10.81,11.1,10.69,11.05,11.05,49188300
2019-01-10,10.89,11.14,10.85,11.1,11.1,21178000
2019-01-11,10.98,11.05,10.81,10.9,10.9,28613500
2019-01-14,10.81,10.93,10.63,10.69,10.69,31060300
2019-01-15,10.85,11.04,10.85,11,11,23915900
2019-01-16,10.95,11.07,10.82,11.06,11.06,32753300
2019-01-17,10.88,11.1,10.77,11.03,11.03,35852800
2019-01-18,11.12,11.37,11.04,11.31,11.31,40839000
